train_loss,test_loss,train_l1_norm,test_l1_norm,train_linf_norm,test_linf_norm
9650.778749032594,60.82862559000651,2.095156838422663,1.2517385773976644,347.97431999119027,90.470606493632
662.759450650922,51.54572531738281,2.06787117803237,1.2017052932739258,349.5036559143964,73.36105158437093
10327.675512002743,56.56173692423503,1.7178389446482938,1.1320667218526204,211.26816699994032,51.92318187713623
743.4508318804573,51.75423185221354,1.7060086585269254,1.196874247678121,210.41024591420117,72.81682966690063
374.2693788789637,57.3490582417806,1.8751233539244707,1.1531636716206868,298.40639313606937,58.815870942942304
5021.9377908878105,51.6020173055013,1.673092689850751,1.2069533694585164,188.8181090279972,75.48328479614258
6526.58296827967,79.97526086629232,1.6740189039342543,1.124483588027954,211.04649340066348,45.504419018427534
593.6592123958812,99.59905122070313,1.6862656223016628,1.1139207352320353,219.43509403555254,37.61788120689392
326.88185056044637,125.79480897420247,1.5648937928592457,1.1153838165283203,159.41167034903134,32.059057601420086
1340.8339393665988,113.89696311035156,1.5889614103429457,1.1182682328542073,172.149191524371,36.77847501220703
712.1038940181957,110.57494694417318,1.7504194191539988,1.121568338839213,250.27594509663302,39.46841340967814
1502.8847276372574,147.04243982137044,1.7729880620844225,1.1266143717447916,266.8573089449714,33.89131085128784
3037.8089066829907,197.56473897501627,1.6004348811654483,1.1666385626475015,175.93962599779016,44.60437375742595
621.940457966165,162.51909361165366,1.5263442845625035,1.1402830888112385,147.13855723453972,38.107039511362714
5799.172079676909,118.87623833211264,1.618038858133204,1.1340375978469848,182.3635824035869,43.32125885365804
390.42446241526886,100.20060766194662,1.6739894217547249,1.1502376896540323,212.9951384079877,52.23341199887594
276.580593761848,115.42932029622396,1.5807587708080517,1.1412361059824625,155.69572024245542,46.839565873845416
2485.092204011625,96.73329234008789,1.6828461625379674,1.1588677929560343,222.02921881673475,55.948973194503786
537.0055251321231,116.71562697550456,1.6039476337657255,1.1464532231648763,177.24652724860695,48.63608000068665
107.12412361360438,120.65754956461589,1.636643615245819,1.1474716063817343,200.64674283881467,48.495976381937666
217.93926313548369,128.32133073323567,1.6769243727179135,1.146758267211914,217.51059335440468,47.25820853691101
2887.786768190631,172.29156411946616,1.717083512104259,1.1429992798487345,232.65575756548714,39.45657908706665
727.6917616347368,147.79892362467447,1.6073289560149697,1.1451021485010784,180.11076066786822,43.84610891571045
2223.895758434161,120.15770673828125,1.6633811099332922,1.1617683041890463,212.22923775024415,54.00328282076518
815.8904395319322,111.02597788289388,1.6735434727837057,1.1744028027852376,215.31494580618914,59.62432716293335
4950.422561102654,88.74613381144206,1.7064262989717371,1.2021016060511271,214.05476756726432,70.25187508417766
1018.2872565031164,88.06168064982096,1.6237115299224854,1.2089344139734903,177.24182539434995,72.62210601450602
815.4248889117073,90.98481106363933,1.6010811074986178,1.2072215763727825,158.6243591013179,71.88390072174072
1090.5655677461511,84.24902355957032,1.717978693300135,1.224224245007833,214.47783685252244,78.03225945765178
363.63464722936294,91.71676274617514,1.6660506493400125,1.2142555601755778,197.16512196976157,74.27295221150716
88.51992879378375,90.06656442260743,1.6646024629480698,1.2211546239852906,185.64582206456802,76.5369995203654
281.67533544455137,84.91307247924804,1.850068085378759,1.2337364456176758,291.51117886139366,80.76920371653239
2041.2696912795122,103.26310939127605,1.7871432876138127,1.2041419979731243,259.39045130964166,69.7310384399414
2015.9425909651811,130.75056309000652,1.6821780670614803,1.1780531229019164,214.6681430578456,58.669893529510496
320.785939287612,131.27165217081705,1.585086643555585,1.1788686460494995,171.7725591681312,58.794036234537764
1591.2128960058774,141.07341551513673,1.6959176273794736,1.173105092938741,223.09839955623852,55.78359243164063
429.4713942361271,144.18632112426758,1.6087082059299245,1.1737417770385743,176.62587827421075,55.62156196301778
764.4187200459199,124.27770494181316,1.6341533715696897,1.1936188627243043,200.67491012245628,64.1412286954244
602.5375977201574,113.24669954630534,1.6481583997838638,1.2103149073282877,184.17547985978968,70.4383327255249
505.4148177748736,117.3322042195638,1.7213551735485302,1.2096425121943155,238.8502234731001,69.9335900583903
1518.1126037123736,148.15501951904298,1.6679049987119787,1.1875941085179647,206.77739023290522,60.363988412221275
1126.0784701060575,167.048459962972,1.6870150445152732,1.1804639616012573,213.34777241722557,55.79917417805989
387.25136646369486,177.06584517008463,1.601483043199427,1.176581642595927,183.99779863011977,53.04620727856954
3493.10899253935,150.78152298787435,1.718444417515923,1.1908128118515016,243.16786771018084,61.11337820968628
1238.7077000393137,162.02080332438152,1.6991019177605124,1.189147961997986,228.31127815918643,59.68833103256225
1374.784511538876,158.1823645772298,1.7918758097031537,1.1956901534398396,276.90734564208987,62.50379787216187
1330.4027056374944,146.91953860880534,1.5851484449330497,1.206599667930603,173.78149091212327,66.995473366038
149.52363429529527,141.5626237569173,1.6877822527717141,1.214024285507202,223.50365077730066,69.78519173660278
169.32948107407515,144.942093166097,1.897215389285368,1.213472589111328,321.3369506582597,69.31896047948202
1671.9157263844209,130.29489393920898,1.7623191203285666,1.2298170344034831,240.1408323332394,75.42677429656982
1088.572361767937,143.374295505778,1.6611022756239948,1.2170448750813803,206.9132811540267,70.3984728207906
214.05752653449562,145.2274782084147,1.6774999501621022,1.2176622383117677,205.68307636315964,70.4594656229655
756.652286546595,157.00535760498047,1.6409691598499523,1.2100116013209026,185.08243079138364,67.16790754267375
1656.8274195973115,180.6977003153483,1.6276855621281792,1.195394722811381,181.14725272558996,59.68189143320719
2700.009808248722,143.8460933898926,1.633509444326513,1.2240148230234782,189.23409455486745,72.05160628763835
223.90548253927793,145.0110800801595,1.6448799841263715,1.2261387348810833,202.36018942303377,72.66794325383505
1067.9628593197094,132.0890478922526,1.667906429941514,1.2391642877578735,194.0359548151577,77.44354711812338
1759.375477840648,138.12042805582684,1.6792619307237513,1.2344030318578085,207.50921581425385,75.51710386428833
1904.6957191747329,114.1570637084961,1.5960011063856236,1.2672367345174154,177.99015957129984,86.55263627268474
1621.7089007197212,131.86494200846354,1.7768462710212258,1.2487992183685304,257.1189767296623,80.42962103093465
3427.62353729634,158.2130579630534,1.807471593733395,1.2279278093338013,276.86311177351337,72.44459752782186
253.87071930416332,152.7903447591146,1.6932370624878827,1.2352635288238525,220.92371768884098,75.0364041053772
949.4564411782658,167.7820033996582,1.6269373370787676,1.225764493751526,189.48485655008204,71.26165889994303
128.83464683048024,171.225552734375,1.6768020983639886,1.2258174201329548,211.48040768550425,71.06434900538126
1159.9834446188534,186.8810217976888,1.694776402978336,1.2156597171147665,219.10268913937736,66.23159512914022
1428.59179966682,172.9699969523112,1.6872943481333116,1.228284398841858,214.81003707748863,71.53840732421875
1280.699205870864,155.41482799682618,1.79810668778139,1.2451513226191202,271.2925565790962,77.96095676091512
450.0146675867417,157.8321737467448,1.7565458266089944,1.2454781248728435,249.87121385569853,77.9298213607788
453.84703540092914,145.8938696472168,1.7282309551575605,1.2596425982793171,227.23229545635897,82.96035807800293
677.8981809962553,154.68097070922852,1.7131045341940487,1.25162867603302,225.80164154122298,79.90711656545004
943.5902097584444,161.5823956176758,1.7953652747434727,1.2472090353012084,264.0633615519131,77.9138632077535
1567.2678581715304,145.82208892822266,1.7607559412787943,1.2636394612630208,254.0364400623546,83.67656959686279
832.8052041333367,151.95608041178386,1.678819810407302,1.258751759338379,216.65147766948027,81.86406449483236
1161.7162276686724,135.89536140747072,1.703756042878768,1.2798308386484782,223.30981224175622,88.85204891001383
1867.564699141379,130.45782375081382,1.6529782421785242,1.2882771786371867,192.65905615842482,91.32148769429524
277.85273963838466,124.36994552001953,1.714954735172496,1.2991206239064534,221.13121619939244,94.82352593180339
134.9835606391458,122.43152883707683,1.6727482585906983,1.304424198023478,199.15743406802906,96.50933903605143
228.5838779697194,121.87918099568685,1.729981446322273,1.3074478937149048,234.34152593994142,97.40541846211751
528.2925159969554,115.34705666097005,1.708484605699427,1.3201523365656536,222.93201180523144,101.51625281829834
3819.642104126156,101.06240441080729,1.729132487555111,1.3444882769266764,222.24690065484887,109.1102372756958
1166.6696984473733,103.7072063659668,1.7637960416120642,1.3429197629928589,234.24513289550333,108.53715864410401
626.2371010377772,111.79320216064453,1.84784469315024,1.3315059628168742,286.2421859821544,104.68827208150228
1221.9303752967385,99.74876626993814,1.7941972742641674,1.3552469481150309,260.0931215561698,111.92929058583577
599.7558661773681,103.39727389322917,1.7137745012619916,1.3500962334314983,204.48510839830286,110.2722770228068
338.2598838167078,98.03801543579101,1.7350429644191967,1.3638575421015422,223.74387339163388,114.18304076131184
869.1605256304573,96.34431494547526,1.8566536795447854,1.3703674077351888,283.18754412949505,116.0980392888387
1995.1680474645277,104.17828767496745,1.7559941252540139,1.353734232076009,229.3101963644813,111.08065781656902
6210.25954237994,83.21191323242188,1.7601158244132995,1.4003162620544434,238.18547265912224,123.76809565124512
1428.417685534309,89.24017068277995,1.6866389458488016,1.390146126937866,202.908080274178,121.25719857533772
2626.357446754366,77.93819193115235,1.8503440871519201,1.4245571954727172,272.7636952412437,130.73025641174317
182.2199569821526,77.29909740804037,1.9023372227612663,1.42856569480896,302.131574491254,131.76482267506918
2751.310057574463,86.76334809366863,1.8311058861227596,1.401662882232666,269.6114335820366,124.32782729288736
1973.3486267344756,79.18606229044596,1.8001470633114085,1.425910408782959,241.92937487056957,130.7662261118571
98.44458457821116,78.2806954305013,1.8772832767262178,1.4317591940561931,280.43135554970013,132.38600570526123
872.7031704159008,82.39890677693685,1.8227651595620549,1.4216635657628378,259.16320643605627,129.5805099609375
975.6719302515367,86.65367964070639,1.8313896484935985,1.4114345228830973,267.70442568200053,126.6800627339681
1528.1637116684858,92.04794288533529,1.692703839964025,1.3972546016057332,195.451835011011,122.58848744099934
562.8011437819537,86.73416483764649,1.827410952870986,1.4124541325887043,264.21763062986486,126.6450347559611
686.4149741699218,82.0842343343099,1.8119655786738675,1.4273302317937215,246.21164102327683,130.60393696594238
364.8750745187198,81.7297843770345,1.8664851270787857,1.4314427672068277,289.80821058190287,131.7285701751709
473.9582313898423,84.48451251220703,1.8701409589318667,1.4259777784347534,287.9503977514716,130.14943846537273
4095.2996713077323,71.76806236775717,1.8294562440086815,1.4703826821009318,264.1351442619997,142.954310450236
977.2316771073286,72.9987155497233,1.9652519310895133,1.4685216073989869,320.76777057304383,142.51527143809
3408.803206462187,86.23121018473307,1.8303036749671486,1.428893436050415,262.1900948417888,131.06433376668295
468.1506835628734,84.27089006551107,1.8896465311499202,1.4376692870457968,293.0866244985693,133.55257343800864
969.7282150794534,84.11629681599935,1.9579745084650377,1.4404383680343629,324.07518991043986,134.25601467641195
126.62784487663718,84.15263548990886,1.8695438318476958,1.4427678645451865,284.63778772529156,134.86215396982828
3226.8080421839095,96.88651845499675,1.824028064660465,1.4093494853337605,264.40391070825916,125.51510208892822
175.35655417893355,96.15517175496419,1.8154235586166383,1.4136536575953165,250.44302952610465,126.63393709462484
1697.9650694351196,101.82967839152018,1.8251623680114746,1.400748974164327,262.3893898665933,123.00340733337403
331.0020111748191,98.8064455891927,1.8082491125106812,1.4100570491790771,260.0133037338257,125.54621521199545
512.0958488616943,101.92862586669922,1.7185222929561839,1.4054842344284058,213.6306736816182,124.25511028442382
883.2095831934312,98.18304310709635,1.7725289774053237,1.4156685083389282,245.90959652671813,126.96930497538249
466.4589834224925,94.50630801798502,1.972415986700619,1.4261359413146972,341.230165705894,129.70292064056397
151.1115613590016,96.4147461690267,1.7895914963105146,1.4239889015197753,238.97672421998416,129.10245888621012
747.5752846478631,100.23721389160156,1.8035206852071426,1.418053334681193,243.73863408163857,127.53662655385335
333.0792425687902,95.42032405192057,1.8065454602634206,1.4317215275446573,259.30907312287724,131.2221013361613
427.31691398692413,99.76447583414713,1.9171123354070327,1.4244832797368367,317.1302543612985,129.32518391571045
347.8899045203714,95.62589021402995,1.8056080433340633,1.4366181468963624,259.1913929660685,132.58641882222494
595.3193480210248,99.51260812174479,1.8277878213545855,1.4286610985438029,270.03259278116786,130.4331262802124
582.2741954234403,100.329729099528,1.7413569261438706,1.4298336820602418,224.32546402951408,130.8400558222453
698.7419695165297,104.90470126749675,1.7935112885194666,1.4214442733128865,254.77272706030678,128.60364702301027
1362.6205029189166,93.32291390177409,1.810463028571185,1.451105684153239,255.71021026041367,136.55411942036946
368.7161766080969,90.37472545776367,1.7832592304005341,1.4618184775034586,246.57359525864544,139.43788859914144
574.3342765163646,93.61396009928386,1.7045626569411334,1.4556001263300578,203.29674973086188,137.7513222076416
594.7485898929372,101.05768587036133,1.9066105779647826,1.4431095209757487,288.5199778315544,134.5008493794759
2212.6310657196045,109.61111669718424,1.7019491580738741,1.4239192593256633,206.64520228917738,129.20937670237223
1114.9509221905876,105.7747823445638,1.7974856991487391,1.4355792701085408,251.70213686316995,132.3987805557251
600.9268844252642,102.87316515096029,1.7859608947753907,1.444261069615682,246.73965156361075,134.73180807088215
348.6764244259105,100.00837872721354,2.011393041969748,1.4530368449529012,357.0247582941392,137.01717340799968
7083.332556274773,85.36612612508138,1.8259260461021871,1.4904816899617512,267.592271400878,146.92839453938802
79.04827111600989,84.99281796264648,1.9329055774239934,1.4937890664418538,321.0358301463632,147.80561724853516
160.72045768432616,83.06591133829752,1.868214479940078,1.502261407470703,282.3477446563384,150.15647039693198
295.04587663556265,83.74844377848308,1.7937208094035877,1.502046785736084,243.11744552456352,150.07702819417318
1334.8359423732982,79.52620591634114,1.9638854821822223,1.5149056440353394,323.66734291619696,153.55954742533365
2761.5877916401582,88.49145897013346,1.9244031210955452,1.490010765838623,309.2711338463615,146.53659444783528
620.0317028241326,83.16409147542318,1.9217345999773812,1.5054150213241577,308.2406068017511,150.72669854838054
372.87180959364946,85.61812559611002,1.8114752705293544,1.5015233668645223,251.38695844654757,149.68470187072754
736.7747297399185,81.11805737101237,1.8007800114575554,1.5169616490046183,242.00570067383262,153.81342959289552
674.2467625168745,85.45880047810873,1.8760090777677647,1.507367475382487,288.73452741757563,151.22382861836752
783.5307024597168,84.5611325378418,1.8818000877941357,1.5126640956878663,259.52297361701517,152.79587984110515
137.94236642348346,83.3961017537435,1.8547626071873833,1.5183963176727295,266.50173690280917,154.3351226155599
668.4859987437528,87.47600747273763,1.8073446136699003,1.5081264568328858,241.28997075518438,151.5169508219401
1889.445770560949,93.29164838663738,1.8864767045413746,1.493681624539693,278.24388183144964,147.51764208984375
890.1879179870606,89.50098321329753,1.8881304954641005,1.5052215429941813,294.9312892082214,150.57274752400716
206.23413169088926,91.79026420288086,1.8209343118891996,1.5016403767267863,257.05147596590376,149.55094379882811
76.05893855267693,91.6754016825358,1.8555113785463222,1.5042028439203898,273.3284687807756,150.22321592915853
745.3456503719555,96.83704392903645,1.8720980138217702,1.492903891881307,286.65050136318206,147.09425317789714
702.9696623614143,100.28445529988606,1.9176108208151426,1.4862124373118082,302.18249697647093,145.20283578186036
192.33785844888126,101.69805626017252,1.7020897795733283,1.4847911396662394,184.6415735462862,144.78239284057616
806.9889960966223,97.2779430440267,1.891350615983851,1.49872896194458,291.5387395426806,148.6883618133545
1281.4559766156365,102.19056575927735,1.9044888367821189,1.4888435967127482,299.76742005693774,145.89529084981282
1506.347920702407,97.69756288452149,1.8360368056241203,1.4982266691207886,266.1471959686728,148.26253226623535
2675.897521340224,88.48543016357422,1.8256372887106502,1.522903193728129,259.00053858820974,154.93274592793782
729.8107741708194,91.21679489746094,1.9424358262679156,1.5183962117513021,317.7149712827458,153.70447741292318
347.4077483229693,90.97800236612956,1.994039238839991,1.5204500569661459,344.0018615932689,154.17733645324708
2720.0425083754594,100.10981067097981,1.8823272236094755,1.497010313542684,286.79025580830296,147.47875545654296
1527.0761389691522,93.27301180216472,1.8881882359785191,1.5154763968785603,291.27438222808837,152.4809228963216
296.1492824872185,90.790072462972,1.766948549708198,1.5232845124562582,230.11603169465906,154.49864280395508
3958.9313647920494,84.8342279296875,1.8621244426278507,1.5433985158920287,271.7572148354474,160.13747690938314
202.43743785903033,83.03550841878256,2.0128461398629582,1.5506590986251831,352.34038013886845,162.1497462544759
1075.1407816241096,78.0325538675944,1.9083533283009249,1.569179605547587,283.2501328581866,167.2893575703939
476.7350347035128,80.67437807617188,1.8810824029473698,1.562853035036723,252.62701778246935,165.51041634419758
322.10686441040036,80.09199891153972,1.9395386705286362,1.5661209915796916,306.6213815893734,166.3582794301351
85.75313451484232,80.28347793579101,1.98037135366552,1.5674760878880818,324.58091678142546,166.69750070699055
193.19069561202105,79.05632137451173,1.9534889434814453,1.5741961441675822,309.82269868989835,168.558873735555
301.1756382600672,78.05337083740234,2.098324089083952,1.5801433860778809,386.4782144843831,170.25624282836915
268.76871019610235,79.1433380086263,1.850998826195212,1.578788419977824,252.15136091299618,169.86061277160644
2144.5766598284554,83.42614790445964,1.9233956423366771,1.5690804466883341,303.8894071191676,167.15773438212076
2294.87862735488,90.79528343302408,1.9688770958732156,1.5513825134913126,312.5301190772113,162.3395307108561
74.9306888743681,90.57748048706054,1.8556593510796042,1.553963793627421,265.71060249404906,163.00347710062664
465.09625244750976,89.84871990966796,1.805455928174187,1.5581112089792888,244.14816974044126,164.12142753804525
1317.7477065321978,94.59096265055338,1.7786189340254839,1.5464302923838298,227.16851985769833,160.87956075439453
1255.7020240837546,96.04148216145833,2.0451504957199096,1.5433912943522134,367.7394450262855,159.99086303507488
4225.469392593114,89.62592609456381,1.9553531718310189,1.5610111161549887,308.0871845495785,164.60068347066243
1155.2260685342228,85.89252252807617,1.9722119218377505,1.5723798384984333,328.1796851375804,167.63262944844564
915.7370771082261,87.70335038452149,1.8323868882123162,1.5689727521896362,254.23780150498783,166.6404204193115
3776.010146435906,78.30653680419923,1.986706811725392,1.5968095017115276,323.87008910459633,174.2627754374186
977.1275490189496,74.90178172607422,1.7678835671480964,1.6105053431828817,213.72259261967153,178.13116965433755
2038.7971391547708,80.60237635701498,1.9666399831210866,1.594254512087504,313.2569718604817,173.65559453735352
118.01583776119456,81.27931217041015,1.79527245425056,1.594220173708598,239.37452781919592,173.62063632202148
95.93224842601103,81.66795178833007,1.9798048858642578,1.5950444860458375,314.1429389721141,173.80615747680665
435.0761977285946,80.81597150268554,1.9197948744605569,1.5991191410064698,289.203846549539,174.8063583129883
1554.2559999684054,75.43264393717448,2.0758168419781855,1.618259490521749,370.5184660143908,180.1677597381592
253.08984867374195,74.65677690836588,1.9072990359362434,1.6233243923187255,281.4769727123261,181.5483560740153
241.13240750768324,75.6963262878418,1.7923303796431598,1.6221162979761758,231.5857707427081,181.20195387878417
900.5877730382583,78.6957715616862,1.960938000869751,1.613248793411255,312.4106298287448,178.65018705037434
421.36429365826774,80.92960408528646,1.9258116936178769,1.6077698771794637,294.59663096066646,177.06124136250813
348.1064351986156,79.63852781575521,2.01887291060055,1.6134008018493653,337.3233144226972,178.55510153096517
1670.605234772267,74.43779098307292,1.9249888812906601,1.632428626314799,289.08936053809,183.88111118367513
523.1733186746036,72.6551452351888,2.1135825511483586,1.640793829981486,383.6595488461438,186.17896604817707
7371.349594486192,64.44618605143229,1.9486062157462625,1.670037220064799,299.2405737874873,194.17516125488282
1619.1030384309656,61.61244032185872,1.9399558844622444,1.6858441042582195,280.04055531984216,198.72322952575684
237.98190078412225,62.5460942179362,2.063228473629671,1.6828676065444945,335.74169303427306,197.8224794362386
284.09034918033376,63.44170137939453,2.0253608471477733,1.6804511958440145,308.991932930621,197.07736893310548
490.29239914981616,64.02096704101562,2.088962344293033,1.6801636593500773,354.22250905252344,196.97371625467937
176.9358589490105,64.76359489135743,2.081790678697474,1.6786792315165202,349.75727443914974,196.50934179382324
197.287791796875,64.93016522623698,1.9541817555595846,1.6796577938079833,288.7985606300971,196.76121913553874
2565.7779500071806,68.77689316813151,2.047303431275312,1.6650039949417115,340.8284904501859,192.47727655639648
1251.2448624978458,68.15895096028646,2.023859284950705,1.6686071804046632,338.3502852905273,193.45383405151367
1684.854215082146,65.3972324951172,1.993806104744182,1.679947355333964,309.44633090426504,196.69122862854005
1351.298143309829,63.60269732869466,2.1218387315637925,1.6875086453755697,372.41867709588445,198.71979029541015
1848.7209028351729,65.76407833658854,2.0736130061654485,1.6788861371358235,356.15599501131845,196.17807283426922
640.0235939219755,63.92787261149088,2.0558745853255775,1.6875157368977864,347.44792517981807,198.58481475016276
142.97211488234575,64.35158893025717,2.0633304798350616,1.6874436583836874,352.191952525554,198.52540865783692
233.59142185076544,63.175991343180335,1.9597988875669592,1.6939861838022867,294.7449895559423,200.3073864420573
904.8473736839743,65.57755848388672,2.031330593445722,1.6837721258163452,312.8598379417195,197.29284732666017
637.9612284168917,68.29444957071941,1.9068755821003633,1.6764109828313192,258.14910233871234,195.19011469421386
1055.0523992280848,64.96985202636719,2.0606356010661404,1.6909927058537801,351.94223075664746,199.35515065307618
3009.255220589043,68.1870239034017,2.037356160982917,1.6763065624872844,334.3872192179063,195.0949855682373
562.049437949506,69.51022828165691,2.071277842869478,1.6725004791895548,359.0016992025936,193.93964200846355
1310.3008116964902,72.34356834920247,2.061196809791116,1.6639115726470948,355.0358353509118,191.43640691630046
453.2086085131477,73.5189542948405,1.9672512928401722,1.6615543677012126,300.40781053055036,190.74845664367675
273.5642236493279,74.52531906941732,2.121977323851866,1.6599332822799682,391.4521008440018,190.2804361948649
606.1518649916705,72.28516393229167,1.8968653224776773,1.6684209361394247,260.41548492918577,192.51857522176107
435.6399275957893,72.8296639078776,2.1348139350161834,1.6680400171279908,387.52003287959377,192.41008604431153
3370.019018192785,79.41817532145183,2.0908437703076532,1.648426206970215,369.89299064820233,187.14550587565105
1844.8784216161391,83.54453439534505,1.9518655923058006,1.6378812520345052,307.464751558057,184.22447009887696
1267.3872233857996,80.32554797973633,1.8087962170432597,1.6486098543802896,239.90139147001153,187.17672114562987
613.9365159782858,78.19089216512045,1.8867806337580961,1.6556282536824545,271.46505925751853,188.99948182474773
228.15885234518612,79.20349955240886,1.9076779750823976,1.653665288543701,284.0693726954292,188.38918459269206
2052.111618748564,75.91277348022462,2.035811079485276,1.6660188066482544,346.2076811584248,191.84604236246744
253.42447279986214,75.61067297973632,1.9040614979463466,1.6689396475474039,280.2149398769042,192.6395349110921
83.63456951904297,75.79122012125652,2.0418143957081965,1.6700313539505005,348.08770243714275,192.90459666137696
214.28050454272102,74.60999848836263,2.054811964158451,1.6756234212239582,353.8756157200757,194.41114794514974
215.2326306547277,73.49681707356771,1.8604839787202723,1.6808409697214763,252.1359473388672,195.78675022379556
100.5556373804429,73.49158309326172,1.948687882232666,1.6825408474604289,297.20419538970276,196.21650908711752
195.60869709580365,74.1922891398112,2.146439415729747,1.681546283531189,398.6385131922329,195.89690762430826
513.2805760835536,73.91893260498047,2.0163936426274915,1.6839421881993613,329.33750412088284,196.48867540486654
816.1019428254968,74.19363328857422,1.8868761170779957,1.6844347613016764,264.62862782915903,196.64183934936523
1228.408091347369,70.2355765625,2.039007009646472,1.6977574667612712,336.27406723041537,200.26333795166016
2523.9973538191402,67.12035339152018,1.9665305999475367,1.7106842751185098,293.88047845943674,203.82760754801433
927.2157612721163,69.02602110595703,2.0353210041326637,1.703761572901408,335.38408471918666,201.75606220092774
120.4416182099735,69.93647975463867,2.2043280899272246,1.7021251511891682,418.01311919578103,201.23113336486816
969.1231393777286,67.67872183024089,2.0068193262549006,1.7128120502471924,307.8148499504314,204.20869301757813
645.1734819639319,66.48355649820964,2.0202376951217653,1.7188112304051717,320.6254218606837,205.8748805206299
283.11792592019475,67.9371557413737,1.9665578404819264,1.7144380636850993,288.8635672160205,204.5661461842855
285.61128057789523,69.021999222819,1.9577066656954147,1.7111885370254516,300.8186382465026,203.58064473368327
2241.8591705029658,66.30226713867188,2.0463257479499366,1.7238377405166625,336.55788177059395,207.1256750172933
1829.2277184599036,62.07231256917318,2.123242301155539,1.7438937605539957,360.7321027130127,212.7437441660563
892.1726015007467,63.929202508544925,2.018816219369103,1.736259932200114,325.0738444869434,210.56844465535482
225.34998456564512,64.57255151367187,2.0195301553053016,1.7351572181065877,326.39837321214117,210.22518839721678
3864.9678981825887,61.18200587972005,1.9406767342062556,1.7504606572469075,288.02592339495493,214.4879231628418
1385.8017840416403,63.72137630411784,2.1427921956903795,1.7395166765848795,387.4830057446648,211.29704676208496
756.3723510727826,65.2595673034668,2.1123710845161887,1.7334984027862548,362.72803563010274,209.54257035013833
640.938084931856,64.35909305013021,1.9084736339456896,1.7379918352127075,264.7316854871189,210.70874252726236
1092.090630551686,61.57473616739909,1.9894074938830206,1.750720967165629,301.82228737602236,214.2532791249593
1721.5469615629308,58.66143353983561,2.126775422746995,1.767419263013204,368.7377085034314,218.9343575398763
517.541977093865,59.63584804585775,2.122796555148854,1.7637579252243043,370.288409226339,217.87887422790527
1986.7933211894315,62.27925444539388,2.05295224163953,1.750064233271281,325.91761584129335,214.0098103902181
374.10522362311866,63.340624043782555,2.0999423032199633,1.746146788597107,354.5458986278534,212.90180130818686
983.9649868682861,65.34651329142253,2.13194409382764,1.7379476696650187,375.62661356862014,210.56592555440267
471.9931535500919,66.8621337931315,2.0243661956562717,1.732446660232544,324.28434655707866,208.97979186299642
211.19559685992073,66.35813314208984,2.128951116068223,1.736197332572937,378.3897923912273,209.9886539255778
2981.829611570291,70.5664555867513,2.164292360283347,1.7205714029312134,386.08363354779414,205.5308079610189
1102.3688311982996,67.78744154663086,2.07469133199804,1.7324362266540527,361.1350351781509,208.95447741800945
258.60056952730065,67.46662361043295,2.0831424833858714,1.7354476432800292,339.6695661971036,209.7718440673828
1259.9922525662591,65.77274840698242,2.038119605703915,1.7431731169382731,318.42983129860374,211.9020120941162
465.9773091403737,65.86725583699544,2.080288841045604,1.7447161420822144,361.81476883751367,212.2915808614095
628.4006532915901,67.76994684448242,1.864617159360998,1.7392223313649495,245.18900469118006,210.76171753438314
430.716847088264,68.50547975260416,2.121802413334566,1.7373608112970989,369.68223013994555,210.19498488260905
315.2284282585593,68.97807104085287,2.136884981172225,1.7372868942260742,385.6340151290445,210.11755618896484
1384.7312385623707,67.20849334716797,2.062633588286007,1.7463535217285155,344.9051047767415,212.66765921223958
1399.7052247960708,66.2514479248047,2.012660689045401,1.7539755311965943,319.3009591275271,214.77382857259116
1520.6910573806763,64.46235051269531,2.0647152584973503,1.7631141281763714,339.50432921916735,217.32071864420573
114.14758377936869,64.63008892822266,2.1664316887350643,1.7637478392918904,391.8898440860524,217.45168017781575
240.3031655553481,64.83235102945963,2.0658909266079175,1.764738047027588,343.0994874396605,217.7264514984131
464.4974331521427,63.27345889689128,2.013584757232666,1.7729158531824747,321.56172182832603,219.9046785949707
604.260695359533,61.94833157348633,2.0370934142505424,1.7797935855229696,324.51107801778454,221.7924657836914
182.55804497178022,62.4824924407959,1.9361810712253347,1.778758945274353,283.64568971490297,221.4454816660563
3477.7784669959574,66.85750815022786,2.18386734900755,1.7631894782384236,400.52107673254574,216.95863902791342
770.3849436090806,68.18575477091471,2.0811501485487995,1.7591173767089843,351.8089944438486,215.74612840372723
237.45706967252843,67.69547254638672,2.133592812650344,1.7626581261316936,351.1209138164857,216.69315181070962
246.35178295054718,69.00157727864584,1.9752299909703872,1.7592724177678427,292.1249985872381,215.6971532775879
220.13036549669152,68.39354981689453,1.9718435000251322,1.76322234954834,299.3056762405395,216.76418102722167
448.12006279584097,69.48603920084635,1.9690123584354624,1.7605867664337158,290.5013993417852,215.98691116231282
2261.227229648904,66.44393729858399,1.9575436665478874,1.7733701197942098,289.93674002530713,219.5034998046875
758.5071899833231,67.12469308675131,1.974853783528945,1.7728047618865967,297.40301454200744,219.32119213256837
130.52791018497243,67.48247986857096,2.0142692905874813,1.7728735028584799,315.37253585236493,219.29505927225748
1352.6300965260225,69.66094809977214,2.1103753603879145,1.7650374689102173,371.9269691907097,217.11521839396158
227.47141259855383,70.54487090657553,2.0336155537549185,1.7635030455907186,339.7093001139697,216.67337331848145
215.62761441650392,69.52969236653645,1.9481531059713926,1.7687914632797241,287.13518321425494,218.1125355489095
2447.5933614200367,65.20477233378092,2.019432974288043,1.7881357347488402,317.0154728508332,223.51617479553224
506.1068437539493,63.48819629923503,2.0658481471061707,1.7977974183400471,342.3851048257042,226.11967391662597
163.52903701064167,63.17023724975586,2.1961402752427492,1.8010861042022706,403.95880024342256,226.99996128641763
307.9681211517334,63.53123451538086,2.022838879708683,1.8011047900517783,319.8606242691489,226.9626683980306
232.69977284958784,63.559230252075196,1.9683540182674633,1.8029609184265136,275.8555546168608,227.4659641530355
4549.791983862664,66.88769326578776,1.9914862167021807,1.7873757396697998,291.1883784580455,223.05469996541342
928.5386890174417,65.28225173238118,2.175072629109551,1.79476022160848,389.83217617499406,225.05915119934082
688.9606390064913,63.48683593648275,2.131438715654261,1.8036338906606038,374.0625425678702,227.54160412597656
2342.719696805348,66.89570872599283,2.0527107877843522,1.7894917174021403,334.45120952839574,223.56091407674154
242.05792601282457,67.63956381632487,2.133306980088178,1.7875907539367675,381.87787977187213,223.00656643880208
656.9779236888212,65.8449585337321,2.014498886534747,1.7953351884206137,322.90619066974415,225.16770419108073
862.0718487652049,67.5851855448405,1.9286541466208065,1.7897011411031087,273.51559436654486,223.53542785542805
949.7695579029756,69.43203449707032,2.044383944444095,1.7843793769200642,336.2695662244909,222.0547968963623
1667.1577048677332,67.69185051676432,2.1261611629373887,1.7944250390370686,381.13940829287134,224.70017723897297
1800.7057198385799,63.90770146484375,2.0870441115435434,1.8107087602615357,356.33214871507533,229.2079139892578
601.7728515510111,65.19753799540202,1.979898865037806,1.8064772523880004,299.9334150209988,227.95576743977864
595.4124772654366,62.988711161295576,2.1067047258713667,1.8164825195948282,357.0308726405873,230.6412478922526
362.59102297273523,62.69445852254232,1.9704602395562565,1.8197168723424275,292.64418763086655,231.51206797587076
112.9170961269603,62.58598379414876,2.117158535609526,1.821728771018982,367.19144390685136,232.03712793477376
774.7771998592601,63.41231178487142,2.04946876522513,1.8183456945419312,318.063397665697,231.0200770517985
124.86451633228975,62.9660177154541,2.1354322384553797,1.8221190802892049,378.9127675876842,232.02601284281414
698.2175749384263,61.77012445678711,2.106820790156196,1.8291522009531658,358.40151168783973,234.03238762715657
1898.6172005886303,63.27785969645182,2.203201027982375,1.8243144145329793,404.135513961691,232.80753895670574
942.4996959625245,65.59517812194824,2.1969547192293053,1.8159420941670736,404.0369106067882,230.43525380045574
2166.6799837617764,66.98904519348145,2.0943297980757323,1.8114785212834676,359.3667274458493,229.1921653889974
576.2031413610122,66.81052935587564,2.035105829452066,1.8139261183420816,336.86930786571503,229.82911219177245
918.0819156440286,69.23831962992351,2.016875560008778,1.8053565368016562,313.0406891793756,227.4263490946452
7356.634435137984,76.46099524536133,2.1031413382586313,1.7835754608154297,365.7808471437342,221.32450642801922
390.22241837490304,77.95558566080729,2.108698193651087,1.7799595172882081,378.0014807366315,220.295095606486
2096.0357508096135,76.15312298787435,2.0109344499924604,1.7880617696126302,319.38894616627414,222.50491628723145
177.82356354190603,76.1270939453125,2.0475723853279564,1.789651781908671,343.0538519569846,222.90176445007324
1206.0587215841854,77.9235582397461,1.9801599719889025,1.7840669965108236,305.7261471907896,221.3339035756429
410.22048770213405,79.57763604329428,1.9459389348871567,1.7797199619293214,280.1409379615335,220.05967944335939
471.6261071091596,78.2351313273112,1.9055875040054322,1.785291465504964,276.2043041560005,221.52575425720215
526.4767734382181,78.549291011556,2.0183969407474294,1.7855006611506143,304.7180680775362,221.55446022644043
127.11304523028205,77.70826194051106,2.077987073909535,1.7894119124094645,356.7846966089361,222.58139367980957
257.9657984148811,76.75937612508137,1.9732852870043587,1.79405900293986,304.3823037751591,223.81605144551594
788.4564117393943,75.02132519327799,1.9160456729664521,1.8012413815816244,274.5711809058582,225.77306255289713
2829.030915483183,70.5292284169515,2.152472085459092,1.8170949969609578,389.67587999079086,230.15210137634278
4900.958131191837,75.72319544474284,1.989891180195528,1.8015673502604166,312.30494081519635,225.8231046488444
591.740880457261,74.78816900431315,1.9227888219721176,1.8058651422500611,273.719918025387,226.95732012939453
444.2580110672895,73.6266522644043,2.0994573320276597,1.8117397202173868,365.38194350191003,228.56187999267578
141.14732633164348,73.00005032653809,2.0100554100597607,1.815596034749349,314.4497293965059,229.60358206685385
86.83085529982623,73.09559245198568,2.1424313715149377,1.8167388523101806,390.37490641133365,229.88024662882486
975.3963447709027,71.25619529012044,1.967966645341761,1.824293446413676,280.763331049605,231.9069250020345
482.37373606028837,70.1227829498291,2.129803412875007,1.8299391418457032,379.2824984012436,233.45011891174317
2121.9994576879167,67.33834137878418,2.02580994163962,1.8404865087509155,331.4489833173864,236.3340781717936
2600.8858520103904,70.16796914774577,2.0811580614426557,1.8277150555292765,347.65519943580625,232.70185645955402
1183.4715176700367,72.35877167460124,2.0936698970570284,1.8211153018315633,357.0997469407026,230.84469125976563
293.3451668751436,71.57949980977376,2.056968018296186,1.825053797149658,343.8353017316033,231.84178670654296
1506.7148062182257,73.07783997192382,2.0884409332050997,1.820312978744507,360.96101507569483,230.5304030731201
253.37610319465188,73.86601055094401,2.1214680742936975,1.818590606244405,371.30559655400447,229.99358782450358
2349.538762727266,76.23351837972005,1.990335189931533,1.8099590131123862,280.355936424031,227.63886587219238
497.778659576057,75.46589791259765,1.8440078203986672,1.814163837560018,232.9894678307253,228.77562175191244
2092.2741644789753,78.08614662068685,1.9829930954652675,1.8068772440592449,306.05448451015246,226.68643402811685
241.2734754361321,77.77722435709636,2.2082743530834423,1.8093665115992228,424.22956454564263,227.3524197692871
2115.8900947427187,79.97467357788086,1.9414505462197695,1.8031977379480997,292.43501259675867,225.6863829996745
2754.1545408777574,76.24114472045899,2.011541152718488,1.8175137296040853,305.40681685839263,229.6508838124593
293.45523052009133,75.79859962972006,1.9969465720232795,1.8207056278864542,322.85573304179695,230.4970023569743
914.7033971909467,73.9133542388916,1.9085752283769495,1.8284098304112752,264.8420494578754,232.58664574991863
535.1168581982781,75.05229843444825,2.0684005955976597,1.8262273373285929,355.788174520515,231.90050220133463
397.7405618228688,73.68061657307943,1.992356164562001,1.8320746284484863,305.12410968533686,233.425937012736
194.55563262975357,73.2969412068685,1.9044575854581944,1.834997236696879,265.4609851496977,234.19832252807618
130.21284516816982,73.93551230367025,2.0631656516467825,1.8340419540405273,353.71710469124736,233.89415982666014
635.8945162057315,72.3765911722819,2.0298445780529697,1.8415031011581422,331.13947587297105,235.97728982035318
154.38786708158605,72.03385365295411,2.1090323307710537,1.844520693651835,368.9235065131131,236.79250117797852
642.8770102837058,71.36462326761881,2.1001499461791093,1.8485178690592448,361.1181130018347,237.89428934936524
714.8313835054286,72.33480741678873,2.162436022982878,1.8452712854385376,391.11722638765224,237.01006143798827
5232.714994278493,77.85850350545248,1.9883744110331816,1.8301154076258341,308.42163568366556,232.79861309305826
428.23359770624495,78.84079890950521,1.963445493552264,1.828482008043925,301.55894127269073,232.32085669657388
3913.460874846335,74.00121438496907,2.070133580981984,1.844808979733785,355.5242628907372,236.7411053120931
943.9944325207879,72.48265458272299,1.9860784537595861,1.8516663112004599,316.01869993342234,238.56819432576498
258.21222831833785,72.21941165466309,2.0348056367874143,1.8541066493352254,324.8364893466837,239.1958400115967
1227.5617242334702,72.01535214131673,2.0648374915291283,1.8558215295791627,347.6309933065527,239.66653101704915
1029.612491395838,70.10291042378743,2.0760042045256673,1.8648365028381348,333.26217282823677,242.1719192525228
3000.1492971729954,67.04756864522298,2.121697870389153,1.8783241367975871,354.2694295715332,245.9376837443034
3300.1856329370835,63.95049124247233,2.1238255480598003,1.8935433437347413,357.96844428322737,250.1413508005778
2684.675264228013,65.36202134908041,2.1525650168531083,1.8878848669687907,379.20492910376714,248.42741924235025
634.8092371544333,64.47183894348144,2.0132825248942656,1.8932071966171264,310.2583468134824,249.88472114054363
3119.814773668895,68.12395299580892,2.0307438868017758,1.8787993089675903,327.2822352187549,245.88530637308756
814.4933491681268,69.25047568359375,2.054311350104388,1.8753210386276244,341.21492577620114,244.92679399210613
192.780695064051,68.69192883809407,2.137444662952423,1.8790553281148275,384.58937522000707,245.93437103678386
156.84307316822725,68.37848845214843,2.055817358936983,1.8816107895533243,332.8703548514198,246.60185657246907
454.7531653431612,68.60542181091309,2.0692656091577866,1.8820613399505615,346.2605682984745,246.68914093322755
1102.506747170123,69.60039010518392,2.0162295907525456,1.879130643526713,303.1145833109912,245.84543092549643
487.69477281099205,69.44624185791015,2.1090969231773826,1.88109287331899,369.4695425189748,246.36480055135092
265.334406983858,68.97798736979166,2.148714975272908,1.8842876239140829,371.7943304313996,247.2241191212972
392.9154000682158,67.85974075317382,2.1566513234306783,1.8900612939834596,368.16349386798635,248.79515064086914
186.71274731014475,67.37649512837727,2.1209966601596157,1.8935568925221762,371.14747905197146,249.71812162679038
306.6348813882267,67.82959942321777,2.13733512729196,1.8928382818222045,379.55751008304145,249.47557463480632
1310.0642206069049,69.50629434712728,2.1254534186194927,1.8876130471547445,372.0412681566575,248.0088486460368
94.06153613855699,69.2122206431071,2.17700666995329,1.8900674708684286,391.18608146677576,248.64645499572754
2431.0369517563763,71.28138157552084,2.0950062284525703,1.8834059075673422,360.45440766335656,246.80776195373537
1246.6012735107422,69.54209289754232,2.274833102977977,1.8913307061513265,444.3311620734383,248.93763046773276
1022.7753464675005,67.25921777038575,2.10820686304429,1.9007597703297934,360.6019286350026,251.50255628153482
431.1157654979033,68.1338654256185,2.1354379114375397,1.898281687227885,378.42446268759335,250.77806257222494
318.90441590719786,67.62713773295084,1.9932828848894906,1.901842832883199,301.1193983475629,251.73644469706218
244.92193566463695,67.38292493794759,2.0806512509626502,1.9043139723459879,339.55076757924695,252.39057731730142
1482.2233592683008,69.14073795776368,2.080864822926241,1.8981479987462362,348.8079955882353,250.60991071980794
168.88419789464615,68.79815830281575,2.1209968619851507,1.901055715751648,347.64358533505833,251.37028355611164
1788.0031006581025,66.54958699035645,2.037463650086347,1.9105701384226481,324.67249423407384,253.97733849182129
3069.458391622925,66.94977689819336,2.1955670131122367,1.9088326745986939,402.3380396333134,253.48289364318848
195.9799143561868,67.61585918579101,2.2047990183213177,1.9079194709142049,393.18861921476474,253.1694912882487
379.09471663602943,68.38566703592936,2.0174959402308743,1.9067249681472778,313.47562885889164,252.82100748901368
745.0370786369773,66.93345820007325,2.2165220761018642,1.9141226907730102,413.3130765750885,254.82361507059733
566.6946655029296,68.07423522949219,2.1056734166986804,1.9121544673283895,364.40535642260386,254.2627078745524
106.44319071421904,67.74516442362467,2.101218860356948,1.9147624883651733,357.85036785480276,254.94801871236166
165.14967766615925,68.13352100016276,1.9811838113560396,1.9143725852330526,296.1118786812277,254.79411616312663
266.1017849178539,68.02467581685384,2.111670861154444,1.9163691078821818,353.30330408920963,255.3224255391439
1394.7357698877672,70.19720745340983,2.177713603838752,1.9079562431971233,392.08883918082296,252.89270543111166
4796.586247606345,66.03071848347982,2.2256825432721308,1.9253006390889487,416.3810132062127,257.557104115804
1734.435350106991,65.83570549621582,2.1037373925152947,1.9278223151524863,349.5948998975866,258.30702267862955
299.8478146803912,65.46404083150227,2.1171670198777144,1.930502451833089,349.84790285195743,258.9728084696452
2457.777394491667,64.11506789855957,2.1313785173864925,1.93658553536733,368.2458665009218,260.5008746398926
117.84833277121152,64.0326518157959,2.1729089170568128,1.9382953633626303,378.7473173221364,260.9413005940755
218.40764480770335,64.50350895792643,2.1232315712423886,1.9374625591278076,362.60087347336935,260.6780840942383
2623.818148307172,61.96582129007975,2.1101846061594345,1.9493939758300782,353.1470729285745,263.93134591064455
463.2170362107221,61.45530553487142,2.090225727855458,1.953288045946757,328.5541735054016,264.9743111714681
1527.6610320475859,62.17438812154134,2.1951896219590132,1.9510989011128743,392.3809442565918,264.39667268473306
4552.3964322840075,58.69697569173177,2.105306755683001,1.96765435740153,339.8978515709821,269.00777795613607
177.01928736841538,58.24000097351074,2.164478583616369,1.9711291063308716,373.3878074365728,269.92989827067055
1277.3145122879926,57.237842182413736,2.1576160357306984,1.9777258551279704,359.4193163927639,271.6976383504232
292.59331132381664,57.91271510823568,2.1805347416148466,1.9754573232650756,369.4906909877889,271.00306203816734
3604.1221897342457,61.06336237996419,2.1429331262027516,1.961953631146749,345.6289127405054,267.2565727864583
239.74951573988972,61.548263669840495,2.2181726669648114,1.9607994749069213,386.4878464206471,266.9165882954915
466.3178942781336,62.20693606872559,2.112925518866146,1.9587649476369222,353.87741237396915,266.31820298665366
562.4867969238281,61.1489283803304,2.141102526922787,1.9652038409550985,363.66116011442296,268.06710626424154
3194.0593650850183,58.99233701375326,2.04203434010674,1.9785365928649903,309.74090803644515,271.7898374267578
253.92860583585852,59.504872780354816,2.0934891962275786,1.977029393450419,332.25677882322424,271.3363217529297
754.3614627090454,60.723161955769854,2.1563496574401855,1.9718349087397258,374.4035913357679,269.9067073791504
1920.8619213730756,58.71443523050944,2.218807157639896,1.9837364747365316,377.84403353619297,273.11088604532875
129.43491901065602,58.25258503112793,2.302491748001996,1.987355641301473,436.79819453230465,274.07616786905925
568.5598558459113,58.756790295410156,2.2304586634916417,1.985776519393921,398.10468365307975,273.62972800089517
962.0256230770335,59.08767649637858,2.120799204007317,1.9847230707804362,340.29486832003874,273.3214066670736
142.43206673943016,58.93096514485677,2.128027069013259,1.9868359270095826,359.56897874643664,273.85429521280923
566.4104488712086,59.60361259562175,2.1548215176301846,1.9842948490142822,360.46516040321796,273.11433158772786
503.30749331270107,60.22292808532715,2.1269769898695103,1.9823868359883627,362.4540918023951,272.56864669596354
658.0691684040743,61.145796159871416,2.239348331182143,1.9788031957626342,387.3855786697163,271.5643177775065
592.7386452629538,60.64486985168457,2.0544170921998863,1.9819893306096394,306.98576499054855,272.3654684814453
153.9528762144201,61.03529169718424,2.2204862275067496,1.981122301864624,407.07965255847256,272.09476775716143
349.3281139217601,61.234334802246096,2.202169389595705,1.9813885882695517,386.6018830285914,272.1441309285482
79.04003109741211,61.16802119649251,2.1458911935469684,1.9830066707611085,356.79810839480234,272.55305681559247
318.5933790785846,61.847094594319664,2.1410196399464327,1.981191518274943,359.7061016105764,272.03492421671547
562.4255513837029,63.09392090962728,2.1350311525905834,1.9764060751597086,350.1272099424811,270.7214795633952
569.5399383623909,63.92643522440592,2.1841788148936105,1.9740197579701741,374.26579202572316,270.09201748250325
375.77856223934396,63.8704061126709,2.121605249225392,1.9754555477142335,354.59195622612447,270.4504313334147
142.75960677974925,63.71942284851074,2.2050223350524902,1.9776027615229288,399.8286914199717,271.00667877604167
476.7409828196806,62.766009510294595,2.140794990528331,1.9835740125656127,353.30588091699934,272.6391680053711
1235.1006586616966,62.97663144938151,2.238484565454371,1.9826683559417724,416.21793156311935,272.2806527689616
804.3387787892061,62.10058489176432,2.0945641135496254,1.9884042605717978,333.8889154750151,273.79881389363607
322.4237379100126,61.35095922139486,2.099547980970495,1.9930387173334758,321.82498853231317,275.0362165181478
477.05155287188364,62.27317030944824,2.2052086530348833,1.9890518579483032,388.9013162162893,273.8715747233073
2676.1712517770657,59.62494571329753,2.1300446448606603,2.00262302869161,335.9097579079572,277.5558600362142
414.1581499263988,60.22458900553385,2.3275305875666,2.0005344082514447,444.8561127377117,276.9281989420573
170.13739758695715,60.6032409556071,2.127513964282765,2.000104614194234,351.5732316418816,276.7897863728841
83.58175582894718,60.48172571309408,2.1581330510532153,2.002070115216573,367.670061347019,277.2981991923014
1282.966620372458,61.72157167256673,2.207255451337029,1.9967592118581137,391.2227100912655,275.73933779296874
763.395307451854,60.5859184967041,2.23129944451276,2.0037590325037637,399.9275967121573,277.66706552734377
942.4075348557416,61.64235061238607,2.254947056747885,2.000156675338745,401.1008936873492,276.67417614339195
812.2872431848863,62.17958534851074,2.2710741907792933,1.9989539925893147,411.65028990769105,276.33707052815754
717.0091372147953,62.90180850016276,2.0403161027066847,1.9972924350738526,302.01778114442266,275.8474087097168
1239.3522912604838,63.98911292622884,2.2319102232652552,1.9922316330591838,401.0430358994877,274.4402583577474
7541.364245337812,66.73913163757324,2.2518775490704703,1.9799963843663533,410.4634329365562,271.0925110982259
2271.990023684872,70.27357255859376,2.2452912852455587,1.9676378548940023,423.4513845491297,267.7306779520671
433.43716643353633,69.86904856974284,2.192384184253917,1.970622042020162,391.2992661105324,268.5193267272949
1821.1265340217142,66.82081940104166,2.0908541351093963,1.9833361576716104,336.48043263765226,272.0864304341634
738.1801149765912,65.8187063873291,2.1468766260427588,1.9886671685536703,365.11989202825885,273.47121677856444
326.5890208747415,66.25746790669758,2.1862339013941146,1.9877866395950317,360.693177537761,273.16930033976234
169.25608015944536,65.98549525451661,2.11937883051704,1.9901884169260662,356.57087847157646,273.78484276529946
2248.728721024816,67.75725788370768,2.1942657072684346,1.9832015515645345,388.74914938531765,271.8638983642578
259.3782716075224,68.25788340555827,2.257977499210133,1.982129535484314,424.556060624246,271.5300122253418
172.52869004193474,68.69520865275065,2.1501649796317603,1.9814703145345052,367.4883054515502,271.2995556335449
307.20192598302503,69.15441894938151,2.1664254921969244,1.9806295724868774,381.3123770388098,271.0248747619629
9020.186866725428,64.127898924764,2.352825145070693,2.004625421142578,470.8151292333715,277.54485721842445
780.8862334996841,64.83640879414877,2.092275199912576,2.0017512793858847,339.42536446443444,276.73245211181643
1853.4637280975342,66.37498193359374,2.2773026456496295,1.9950851764678954,432.0446621437073,274.9094857096354
163.27046895069796,66.88023962300619,2.1464647554285388,1.9942024227778117,374.58865064434724,274.6368930460612
1232.4569502492568,65.33474665018717,2.15216375763837,2.0020220854441324,372.4314129680858,276.75120931396486
1210.5768483649758,63.6828109375,2.2155818691141467,2.0104304257710774,406.2019554373124,279.08759396158854
99.11665706356273,63.77572161865234,2.275629874083575,2.0112294611612955,422.4392077479194,279.27061857299805
1524.7774134180406,64.86957607421876,2.164878506379969,2.008004725710551,365.6803683866164,278.4199490743001
412.13926950001434,65.81667637634277,2.1260777387338528,2.005372160021464,358.1132246529523,277.6719139892578
795.2803290410659,64.79414159545898,2.1372528067252214,2.011501710383097,345.9247926722246,279.32572360839845
513.6046526018928,65.00435032246908,2.193961343092077,2.0118859707514445,384.06828772771496,279.41375495198565
166.9819758555693,64.76497373250325,2.1889663467407225,2.0143584700902304,392.688965087784,280.0683183878581
1172.8216866778205,64.13126240844727,2.191059692887699,2.0178023910522462,383.5551222115685,280.9467194702148
1026.464580115105,63.925318189493815,2.289505235043694,2.0198636991500853,428.5865134483562,281.4759646931966
925.521409528665,63.82782123006185,2.2054434103348677,2.0215695165634155,401.4086739463806,281.92518370157876
1798.3650498280244,62.51701656392415,2.1301418923995072,2.028503167597453,350.92322025020826,283.728894720459
1376.1553373599781,64.44771813863119,2.24087682500727,2.021397528584798,412.64166147312835,281.77716131591797
1293.7369048093908,62.24748704833984,2.194704457585952,2.0316767136891682,384.36870081212663,284.5250044474284
338.57692837057675,61.92172168884277,2.2225919839298025,2.0344094914118447,387.58111516735977,285.23555775960284
331.5907750818589,61.452978346761064,2.2231703179752125,2.0377385756174724,372.84451756640044,286.0889301961263
3171.1111002685548,63.54951805928548,2.2409859831080716,2.028566069539388,414.539627843408,283.4757311157227
1835.1359536658792,62.164019052124026,2.1452606422704807,2.0352960253397625,357.8996377133089,285.185889251709
1079.7160842629826,60.58934668986003,2.1932893676757814,2.0435852120081583,375.34016247127755,287.40336532389324
214.6649115081787,60.62159939168294,2.1616124688597287,2.0444315263112385,360.3629253472833,287.6060565470378
864.7202886436911,59.68341293334961,2.255541970017377,2.049811774190267,411.9626170228397,289.0028225016276
460.09440296846276,59.9125484975179,2.155068914346134,2.0498754535039265,363.6218730561873,288.99102984822593
344.2716587638406,59.57996055297851,2.246101839278726,2.0527462236404417,393.4882493226893,289.7420276184082
983.9809243142521,60.61997317810059,2.4112342503267175,2.0482919816970826,483.4130596821168,288.4547979166667
115.04639691736558,60.799968981933596,2.2787554793862737,2.0484759833017985,417.8425029545728,288.4674966491699
94.79194698252958,60.75147697855631,2.1609526972602398,2.049955523999532,361.29281068143285,288.83640913085935
667.3780211713006,60.0369649424235,2.2989291712031643,2.054516452407837,423.8279886144301,290.04298229573567
624.3458112950942,60.7100084564209,2.190745940051359,2.0519794429143268,371.8344332211775,289.35994201660156
2744.0867259038587,59.657067155965166,2.253483392951068,2.0586449847539265,404.4830035032833,291.16112654825844
173.3880697655173,59.68153687845866,2.1652832986382875,2.059725359408061,363.3667704255328,291.4199261372884
432.620234410544,59.69290572509766,2.2318807466955746,2.0610196867624917,398.5175072428759,291.7434890238444
396.88224531124337,59.13319407653809,2.3073270070693073,2.0646559729894003,433.94006484947204,292.69488615722656
1294.1024477905273,58.16861780090332,2.2924760464948766,2.07076837533315,409.64456927333157,294.2978168253581
78.73316781759823,58.203287277221676,2.262638226408117,2.0717824235916136,407.0874248398276,294.5479250976563
530.7865308938419,58.96471650187174,2.283771077818029,2.0696708758036295,407.3863829190871,293.970322462972
622.2609843419692,59.70691055399577,2.2973062456243176,2.0669913232167563,416.25371463459237,293.21146862792966
525.2081618142521,59.92397994893392,2.2841481863134048,2.066769690132141,402.7622312451531,293.1081580749512
304.4336646211512,59.51251581624349,2.3583557855045094,2.069757362429301,457.0967073909535,293.87997159423827
1817.122852842084,58.51170523376465,2.27488940040364,2.0759750714619956,399.79442027402763,295.4906014953613
398.3621803916482,58.21274349568685,2.1854709015677956,2.0783173237482706,346.90309592401843,296.0684120808919
1327.8725833847495,59.25459335530599,2.2969523122899673,2.074024332300822,424.6442113144818,294.8591765523275
